,post_shortcode,datetime,likes
0,CbMcbcRrExr,2022-03-17 14:12:25,17
1,Cav1Db3vt1I,2022-03-06 11:29:37,103
2,CaW2bh5PmIh,2022-02-24 18:40:38,153
3,CaJTE4QviTt,2022-02-19 12:21:34,34
4,CZ-4vf0PfQz,2022-02-15 11:19:03,27
5,CZgAkUNPolv,2022-02-03 11:30:59,27
6,CZQtZfRpgQu,2022-01-28 12:55:41,15
7,CZBBTGpPIY9,2022-01-22 10:40:55,131
8,CY5AeTePcGC,2022-01-19 07:59:47,41
9,CX5JqELvyfV,2021-12-25 12:48:38,17
10,CX2ntj7PWBX,2021-12-24 13:13:32,16
11,CX0lyp0P0Hk,2021-12-23 18:18:16,32
12,CXu2pmFPaj_,2021-12-21 12:50:08,72
13,CXq6x9bPzzI,2021-12-20 00:09:16,71
14,CXfj5UrPwK_,2021-12-15 14:17:39,38
15,CXdFkS_vOSf,2021-12-14 15:14:09,49
16,CXaEyLEPlnG,2021-12-13 11:09:35,113
17,CXNMJc-PeKg,2021-12-08 11:03:49,29
18,CXF9Vxgv_eW,2021-12-05 15:39:44,44
19,CXADIM-PNfG,2021-12-03 08:34:52,56
20,CWmfWqfPuZQ,2021-11-23 10:21:15,124
21,CV5i5Ssvz5B,2021-11-05 23:26:23,27
22,CVnAW-Kjhps,2021-10-29 18:39:03,82
23,CVWognZP7TP,2021-10-23 10:02:01,58
24,CVMclsgBq-q,2021-10-19 11:05:27,33
25,CU5Ao6jhQ9M,2021-10-11 21:55:39,86
26,CUwip-7hbEH,2021-10-08 14:59:44,36
27,CUppD20BHIq,2021-10-05 22:41:00,99
28,CUgtTG2PQyI,2021-10-02 11:24:52,191
29,CUbSQJVPaCK,2021-09-30 08:52:20,82
30,CUPEpYwv-fs,2021-09-25 15:02:34,69
31,CT3iCF9PmUX,2021-09-16 11:37:34,68
32,CTqllmsFlx8,2021-09-11 10:58:30,239
33,CTjdCpInodv,2021-09-08 16:29:09,319
34,CTgYaKPnw8L,2021-09-07 11:50:57,79
35,CTbKmmIn_Nx,2021-09-05 11:17:24,126
36,CTTdtQghpnl,2021-09-02 11:27:07,52
37,CTOKMpfDoXw,2021-08-31 10:00:26,69
38,CTGb2N7BIA-,2021-08-28 10:00:44,182
39,CS-tYcXMG43,2021-08-25 10:00:02,64
40,CS5jzERsEK_,2021-08-23 10:00:05,176
41,CS4YV1KhH3o,2021-08-22 23:00:44,209
42,CSvQoXTAbM7,2021-08-19 10:00:11,54
43,CSsr6GxJuw5,2021-08-18 10:00:49,41
44,CSniPlXntng,2021-08-16 10:00:10,60
45,CSk9hzvNgbd,2021-08-15 10:00:52,31
46,CSf6f4wnoPN,2021-08-13 10:58:11,21
47,CSdPI-_tY3L,2021-08-12 10:00:50,60
48,CSVgtTjjVmn,2021-08-09 10:00:25,39
49,CSQXLDlrNFT,2021-08-07 10:00:54,51
50,CSQXK3djuAG,2021-08-07 10:00:52,25
51,CSJ-T5bhGLe,2021-08-04 22:28:13,21
52,CSIozfdn5yO,2021-08-04 10:01:03,38
53,CSDfjcmgCg1,2021-08-02 10:04:00,79
54,CR-Vm5VlDtc,2021-07-31 10:00:54,80
55,CR2nKMdsgHu,2021-07-28 10:00:20,67
56,CRxdn7oJRZi,2021-07-26 10:00:49,30
57,CRtzr6ondt9,2021-07-24 23:58:08,972
58,CRsT83msXam,2021-07-24 10:00:05,41
59,CRklouBjBL1,2021-07-21 10:00:42,45
60,CRf-RLjL-x8,2021-07-19 14:59:44,40
61,CRc3QXHjlff,2021-07-18 10:00:44,21
62,CRVI6faj6QF,2021-07-15 10:01:07,104
63,CRSgvx5nnDz,2021-07-14 09:31:39,46
64,CRP_OFBF0Hi,2021-07-13 10:00:12,37
65,CRNgyZSHBqQ,2021-07-12 10:55:48,25
66,CRIQ4BpgSM8,2021-07-10 10:00:33,36
67,CRAihQ0tARO,2021-07-07 10:00:48,37
68,CQ7Y3_alEoy,2021-07-05 10:00:20,35
69,CQzqeLaLAug,2021-07-02 10:00:10,23
70,CQxFWXbnSA9,2021-07-01 09:58:04,69
71,CQug6tYJ4aG,2021-06-30 10:00:29,52
72,CQuK3IWnhoo,2021-06-30 07:17:39,145
73,CQs24wRruHU,2021-06-29 18:33:58,63
74,CQpXR19hmwA,2021-06-28 10:00:03,49
75,CQho6SKnxiW,2021-06-25 10:00:12,24
76,CQaDgVOHJav,2021-06-22 11:18:39,26
77,CQXVydDlYs8,2021-06-21 10:00:42,24
78,CQUw8bjjwWL,2021-06-20 10:00:16,29
79,CQNCekhHzoZ,2021-06-17 09:59:33,23
80,CQKdxH9piRG,2021-06-16 10:00:18,29
81,CQFdaKRBEyy,2021-06-14 11:20:57,105
82,CQBOoNInym8,2021-06-12 19:54:50,70
83,CQAKl1YJeu-,2021-06-12 10:00:19,41
84,CP9x0K6nEkL,2021-06-11 11:45:21,29
85,CP7BEIUpqHL,2021-06-10 10:00:52,64
86,CP4cS1lJ4mO,2021-06-09 10:01:05,31
87,CP25zNgnN3j,2021-06-08 19:40:26,49
88,CP13b2fJy-g,2021-06-08 10:00:32,29
89,CPzSqStps8e,2021-06-07 10:00:49,43
90,CPw0Z6bnAP4,2021-06-06 10:57:51,72
91,CPrZ-AvBNm9,2021-06-04 08:30:39,39
92,CPqY9-OHjHK,2021-06-03 23:02:40,77
93,CPo_bixpszf,2021-06-03 10:00:16,30
94,CPm4XNeJRvP,2021-06-02 14:20:02,44
95,CPj13VwsxEJ,2021-06-01 10:00:29,49
96,CPhREVLJ-Zy,2021-05-31 10:00:32,132
97,CPdfECBHKkc,2021-05-29 22:45:47,121
98,CPcHeGKAtH2,2021-05-29 10:00:24,56
99,CPUidgoBLIW,2021-05-26 11:22:19,95
100,CPUZHwanBb3,2021-05-26 10:00:42,38
101,CPPPfWIF7DJ,2021-05-24 10:00:20,30
102,CPKF8uZJ9QH,2021-05-22 10:00:46,73
103,CPFDcVanFlj,2021-05-20 11:02:49,48
104,CPCXlh9JO9f,2021-05-19 10:00:58,63
105,CO39eDjjIfb,2021-05-15 09:00:21,32
106,CO2dGClJeCt,2021-05-14 18:58:16,40
107,COy6yYDFT4-,2021-05-13 10:00:42,45
108,COtxIhulJNu,2021-05-11 10:00:09,46
109,COonntDgUoY,2021-05-09 10:00:49,44
110,COg5KDeD8TU,2021-05-06 10:00:08,71
111,CObvle8Dq4Q,2021-05-04 10:00:18,92
112,CORca43JvLB,2021-04-30 10:00:25,66
113,COMS4QgLJyQ,2021-04-28 10:00:50,48
114,COHJTn_lJTx,2021-04-26 10:01:00,76
115,CNeKhUGn0Qw,2021-04-10 12:05:34,719
116,CMGShvRn2Zu,2021-03-07 08:59:32,480
117,CLvThpTnzVX,2021-02-26 10:45:44,129
118,CLoyUCXnKsq,2021-02-23 22:00:04,103
119,CLf97sSneBu,2021-02-20 11:48:26,139
120,CLAvOaknVkD,2021-02-08 08:43:28,50
121,CK5_4mznArI,2021-02-05 17:54:21,136
122,CK2xijiHKcx,2021-02-04 11:51:17,43
123,CKl_GNeHy36,2021-01-28 23:22:40,97
124,CKbf196H0tu,2021-01-24 21:37:09,76
125,CJ3qEKxnk26,2021-01-10 23:33:49,153
126,CJjBJ56HiY8,2021-01-02 23:14:00,609
127,CJfKBISHhV-,2021-01-01 11:12:01,36
128,CJSVJo_ntC9,2020-12-27 11:39:10,51
129,CJKuATjHsNp,2020-12-24 12:45:17,55
130,CJEHjU5HTei,2020-12-21 23:10:58,65
131,CJA8CcPHnSS,2020-12-20 17:32:38,132
132,CIZ8DwUHjCt,2020-12-05 14:02:26,33
133,CIX2Qm2nXQH,2020-12-04 18:33:17,89
134,CIIInJeHQqe,2020-11-28 16:05:48,51
135,CIDToQ8H1-P,2020-11-26 19:05:52,48
136,CHsc7F_HsYS,2020-11-17 22:04:33,63
137,CHm5PBDHbNo,2020-11-15 18:16:30,44
138,CHXp5dtnzqf,2020-11-09 20:13:52,94
139,CHKnJ-onwk7,2020-11-04 18:51:10,78
140,CG7lji0nykk,2020-10-29 22:37:11,111
141,CG1RhuynXfI,2020-10-27 11:49:31,76
142,CGrC8F_HpEa,2020-10-23 12:26:51,37
143,CGUJx7LHkVw,2020-10-14 15:04:06,63
144,CGKt7UXnuef,2020-10-10 23:07:33,36
145,CGC0TR9HrOh,2020-10-07 21:41:06,442
146,CF9rYZfnMEs,2020-10-05 21:35:11,48
147,CFTFpNMHPHr,2020-09-19 08:37:20,71
148,CFQmA1HnUzl,2020-09-18 09:22:27,54
149,CDnwS9SndOA,2020-08-08 16:12:03,26
150,CDjlsO5nq7B,2020-08-07 01:22:25,20
151,CDfb642H43y,2020-08-05 10:40:05,41
152,CDeXnimH7SH,2020-08-05 00:43:15,47
153,CDbQ0wDnJrJ,2020-08-03 19:46:10,26
154,CDLxgIJHWth,2020-07-28 19:23:51,22
